Workbook

Sheet Summary
A1: Final comparison summary: MSIG vs adapted benchmark algorithms
A3: Total matched instances | B3: 480
A4: Unmatched instances | B4: 0
A5: Tie counting rule | B5: If two or more methods have the same best result for an instance, all tied methods are counted in #Best.
A7: Method | B7: Source file | C7: Source column | D7: Valid instances | E7: Average cost | F7: Avg gap to best | G7: Median gap | H7: Max gap | I7: #Best incl. ties | J7: #Strict best | K7: Best share incl. ties
A8: S-FFD | B8: Surrogate_FFD_all_results(5).xlsx | C8: Final Cost | D8: =COUNT(Comparison!C$2:C$481) -> 480 | E8: =AVERAGE(Comparison!C$2:C$481) -> 231.72917 | F8: =AVERAGE(Comparison!J$2:J$481) -> 0.1945792 | G8: =MEDIAN(Comparison!J$2:J$481) -> 0.14511318 | H8: =MAX(Comparison!J$2:J$481) -> 0.60115607 | I8: =SUM(Comparison!O$2:O$481) -> 45 | J8: =COUNTIF(Comparison!$T$2:$T$481,A8) -> 2 | K8: =I8/$B$3 -> 0.09375
A9: S-BFD | B9: Surrogate_BFD_all_results(4).xlsx | C9: Final Cost | D9: =COUNT(Comparison!D$2:D$481) -> 480 | E9: =AVERAGE(Comparison!D$2:D$481) -> 233.675 | F9: =AVERAGE(Comparison!K$2:K$481) -> 0.20262073 | G9: =MEDIAN(Comparison!K$2:K$481) -> 0.15894737 | H9: =MAX(Comparison!K$2:K$481) -> 0.6300578 | I9: =SUM(Comparison!P$2:P$481) -> 37 | J9: =COUNTIF(Comparison!$T$2:$T$481,A9) -> 0 | K9: =I9/$B$3 -> 0.077083333
A10: S-WFD | B10: Surrogate_WFD_all_results(4).xlsx | C10: Final Cost | D10: =COUNT(Comparison!E$2:E$481) -> 480 | E10: =AVERAGE(Comparison!E$2:E$481) -> 236.3875 | F10: =AVERAGE(Comparison!L$2:L$481) -> 0.22331802 | G10: =MEDIAN(Comparison!L$2:L$481) -> 0.17647059 | H10: =MAX(Comparison!L$2:L$481) -> 0.64716981 | I10: =SUM(Comparison!Q$2:Q$481) -> 21 | J10: =COUNTIF(Comparison!$T$2:$T$481,A10) -> 0 | K10: =I10/$B$3 -> 0.04375
A11: Best C-TP | B11: BPPSC_CTP_FFD_BFD_Summary(3).xlsx | C11: Best_objective | D11: =COUNT(Comparison!F$2:F$481) -> 480 | E11: =AVERAGE(Comparison!F$2:F$481) -> 202.61667 | F11: =AVERAGE(Comparison!M$2:M$481) -> 0.20085255 | G11: =MEDIAN(Comparison!M$2:M$481) -> 0.16 | H11: =MAX(Comparison!M$2:M$481) -> 0.76923077 | I11: =SUM(Comparison!R$2:R$481) -> 11 | J11: =COUNTIF(Comparison!$T$2:$T$481,A11) -> 0 | K11: =I11/$B$3 -> 0.022916667
A12: MSIG | B12: summary_results_all_IG(5).xlsx | C12: IG Best Result | D12: =COUNT(Comparison!G$2:G$481) -> 480 | E12: =AVERAGE(Comparison!G$2:G$481) -> 172.92917 | F12: =AVERAGE(Comparison!N$2:N$481) -> 0.00043940511 | G12: =MEDIAN(Comparison!N$2:N$481) -> 0 | H12: =MAX(Comparison!N$2:N$481) -> 0.16666667 | I12: =SUM(Comparison!S$2:S$481) -> 478 | J12: =COUNTIF(Comparison!$T$2:$T$481,A12) -> 413 | K12: =I12/$B$3 -> 0.99583333

Sheet Comparison
A1: Instance | B1: n_items | C1: S-FFD Cost | D1: S-BFD Cost | E1: S-WFD Cost | F1: Best C-TP Cost | G1: MSIG Cost | H1: Best Result | I1: Best Method(s) | J1: S-FFD Gap % | K1: S-BFD Gap % | L1: S-WFD Gap % | M1: Best C-TP Gap % | N1: MSIG Gap % | O1: S-FFD Best? | P1: S-BFD Best? | Q1: S-WFD Best? | R1: Best C-TP Best? | S1: MSIG Best? | T1: Strict Best Method
A2: bpps_d10000n100m10w1500_3000s1000_2000f0_seed0 | B2: 100 | C2: 40 | D2: 40 | E2: 41 | F2: 35 | G2: 35 | H2: =MIN(C2:G2) -> 35 | I2: Best C-TP, MSIG | J2: =IF($H2=0,"",(C2-$H2)/$H2) -> 0.14285714 | K2: =IF($H2=0,"",(D2-$H2)/$H2) -> 0.14285714 | L2: =IF($H2=0,"",(E2-$H2)/$H2) -> 0.17142857 | M2: =IF($H2=0,"",(F2-$H2)/$H2) -> 0 | N2: =IF($H2=0,"",(G2-$H2)/$H2) -> 0 | O2: =IF(ABS(C2-$H2)<=1E-9,1,0) -> 0 | P2: =IF(ABS(D2-$H2)<=1E-9,1,0) -> 0 | Q2: =IF(ABS(E2-$H2)<=1E-9,1,0) -> 0 | R2: =IF(ABS(F2-$H2)<=1E-9,1,0) -> 1 | S2: =IF(ABS(G2-$H2)<=1E-9,1,0) -> 1 | T2: Tie
A3: bpps_d10000n100m10w1500_3000s1000_2000f0_seed1 | B3: 100 | C3: 38 | D3: 38 | E3: 39 | F3: 36 | G3: 34 | H3: =MIN(C3:G3) -> 34 | I3: MSIG | J3: =IF($H3=0,"",(C3-$H3)/$H3) -> 0.11764706 | K3: =IF($H3=0,"",(D3-$H3)/$H3) -> 0.11764706 | L3: =IF($H3=0,"",(E3-$H3)/$H3) -> 0.14705882 | M3: =IF($H3=0,"",(F3-$H3)/$H3) -> 0.058823529 | N3: =IF($H3=0,"",(G3-$H3)/$H3) -> 0 | O3: =IF(ABS(C3-$H3)<=1E-9,1,0) -> 0 | P3: =IF(ABS(D3-$H3)<=1E-9,1,0) -> 0 | Q3: =IF(ABS(E3-$H3)<=1E-9,1,0) -> 0 | R3: =IF(ABS(F3-$H3)<=1E-9,1,0) -> 0 | S3: =IF(ABS(G3-$H3)<=1E-9,1,0) -> 1 | T3: MSIG
A4: bpps_d10000n100m10w1500_3000s1000_2000f1_seed0 | B4: 100 | C4: 662 | D4: 645 | E4: 681 | F4: 539 | G4: 477 | H4: =MIN(C4:G4) -> 477 | I4: MSIG | J4: =IF($H4=0,"",(C4-$H4)/$H4) -> 0.38784067 | K4: =IF($H4=0,"",(D4-$H4)/$H4) -> 0.35220126 | L4: =IF($H4=0,"",(E4-$H4)/$H4) -> 0.42767296 | M4: =IF($H4=0,"",(F4-$H4)/$H4) -> 0.12997904 | N4: =IF($H4=0,"",(G4-$H4)/$H4) -> 0 | O4: =IF(ABS(C4-$H4)<=1E-9,1,0) -> 0 | P4: =IF(ABS(D4-$H4)<=1E-9,1,0) -> 0 | Q4: =IF(ABS(E4-$H4)<=1E-9,1,0) -> 0 | R4: =IF(ABS(F4-$H4)<=1E-9,1,0) -> 0 | S4: =IF(ABS(G4-$H4)<=1E-9,1,0) -> 1 | T4: MSIG
A5: bpps_d10000n100m10w1500_3000s1000_2000f1_seed1 | B5: 100 | C5: 672 | D5: 683 | E5: 719 | F5: 514 | G5: 482 | H5: =MIN(C5:G5) -> 482 | I5: MSIG | J5: =IF($H5=0,"",(C5-$H5)/$H5) -> 0.39419087 | K5: =IF($H5=0,"",(D5-$H5)/$H5) -> 0.41701245 | L5: =IF($H5=0,"",(E5-$H5)/$H5) -> 0.49170124 | M5: =IF($H5=0,"",(F5-$H5)/$H5) -> 0.066390041 | N5: =IF($H5=0,"",(G5-$H5)/$H5) -> 0 | O5: =IF(ABS(C5-$H5)<=1E-9,1,0) -> 0 | P5: =IF(ABS(D5-$H5)<=1E-9,1,0) -> 0 | Q5: =IF(ABS(E5-$H5)<=1E-9,1,0) -> 0 | R5: =IF(ABS(F5-$H5)<=1E-9,1,0) -> 0 | S5: =IF(ABS(G5-$H5)<=1E-9,1,0) -> 1 | T5: MSIG
A6: bpps_d10000n100m10w1500_3000s100_1000f0_seed0 | B6: 100 | C6: 30 | D6: 31 | E6: 31 | F6: 31 | G6: 29 | H6: =MIN(C6:G6) -> 29 | I6: MSIG | J6: =IF($H6=0,"",(C6-$H6)/$H6) -> 0.034482759 | K6: =IF($H6=0,"",(D6-$H6)/$H6) -> 0.068965517 | L6: =IF($H6=0,"",(E6-$H6)/$H6) -> 0.068965517 | M6: =IF($H6=0,"",(F6-$H6)/$H6) -> 0.068965517 | N6: =IF($H6=0,"",(G6-$H6)/$H6) -> 0 | O6: =IF(ABS(C6-$H6)<=1E-9,1,0) -> 0 | P6: =IF(ABS(D6-$H6)<=1E-9,1,0) -> 0 | Q6: =IF(ABS(E6-$H6)<=1E-9,1,0) -> 0 | R6: =IF(ABS(F6-$H6)<=1E-9,1,0) -> 0 | S6: =IF(ABS(G6-$H6)<=1E-9,1,0) -> 1 | T6: MSIG
A7: bpps_d10000n100m10w1500_3000s100_1000f0_seed1 | B7: 100 | C7: 31 | D7: 32 | E7: 31 | F7: 33 | G7: 30 | H7: =MIN(C7:G7) -> 30 | I7: MSIG | J7: =IF($H7=0,"",(C7-$H7)/$H7) -> 0.033333333 | K7: =IF($H7=0,"",(D7-$H7)/$H7) -> 0.066666667 | L7: =IF($H7=0,"",(E7-$H7)/$H7) -> 0.033333333 | M7: =IF($H7=0,"",(F7-$H7)/$H7) -> 0.1 | N7: =IF($H7=0,"",(G7-$H7)/$H7) -> 0 | O7: =IF(ABS(C7-$H7)<=1E-9,1,0) -> 0 | P7: =IF(ABS(D7-$H7)<=1E-9,1,0) -> 0 | Q7: =IF(ABS(E7-$H7)<=1E-9,1,0) -> 0 | R7: =IF(ABS(F7-$H7)<=1E-9,1,0) -> 0 | S7: =IF(ABS(G7-$H7)<=1E-9,1,0) -> 1 | T7: MSIG
A8: bpps_d10000n100m10w1500_3000s100_1000f1_seed0 | B8: 100 | C8: 586 | D8: 581 | E8: 590 | F8: 466 | G8: 424 | H8: =MIN(C8:G8) -> 424 | I8: MSIG | J8: =IF($H8=0,"",(C8-$H8)/$H8) -> 0.38207547 | K8: =IF($H8=0,"",(D8-$H8)/$H8) -> 0.37028302 | L8: =IF($H8=0,"",(E8-$H8)/$H8) -> 0.39150943 | M8: =IF($H8=0,"",(F8-$H8)/$H8) -> 0.099056604 | N8: =IF($H8=0,"",(G8-$H8)/$H8) -> 0 | O8: =IF(ABS(C8-$H8)<=1E-9,1,0) -> 0 | P8: =IF(ABS(D8-$H8)<=1E-9,1,0) -> 0 | Q8: =IF(ABS(E8-$H8)<=1E-9,1,0) -> 0 | R8: =IF(ABS(F8-$H8)<=1E-9,1,0) -> 0 | S8: =IF(ABS(G8-$H8)<=1E-9,1,0) -> 1 | T8: MSIG
A9: bpps_d10000n100m10w1500_3000s100_1000f1_seed1 | B9: 100 | C9: 615 | D9: 609 | E9: 621 | F9: 480 | G9: 432 | H9: =MIN(C9:G9) -> 432 | I9: MSIG | J9: =IF($H9=0,"",(C9-$H9)/$H9) -> 0.42361111 | K9: =IF($H9=0,"",(D9-$H9)/$H9) -> 0.40972222 | L9: =IF($H9=0,"",(E9-$H9)/$H9) -> 0.4375 | M9: =IF($H9=0,"",(F9-$H9)/$H9) -> 0.11111111 | N9: =IF($H9=0,"",(G9-$H9)/$H9) -> 0 | O9: =IF(ABS(C9-$H9)<=1E-9,1,0) -> 0 | P9: =IF(ABS(D9-$H9)<=1E-9,1,0) -> 0 | Q9: =IF(ABS(E9-$H9)<=1E-9,1,0) -> 0 | R9: =IF(ABS(F9-$H9)<=1E-9,1,0) -> 0 | S9: =IF(ABS(G9-$H9)<=1E-9,1,0) -> 1 | T9: MSIG
A10: bpps_d10000n100m10w500_1500s1000_2000f0_seed0 | B10: 100 | C10: 24 | D10: 24 | E10: 25 | F10: 30 | G10: 23 | H10: =MIN(C10:G10) -> 23 | I10: MSIG | J10: =IF($H10=0,"",(C10-$H10)/$H10) -> 0.043478261 | K10: =IF($H10=0,"",(D10-$H10)/$H10) -> 0.043478261 | L10: =IF($H10=0,"",(E10-$H10)/$H10) -> 0.086956522 | M10: =IF($H10=0,"",(F10-$H10)/$H10) -> 0.30434783 | N10: =IF($H10=0,"",(G10-$H10)/$H10) -> 0 | O10: =IF(ABS(C10-$H10)<=1E-9,1,0) -> 0 | P10: =IF(ABS(D10-$H10)<=1E-9,1,0) -> 0 | Q10: =IF(ABS(E10-$H10)<=1E-9,1,0) -> 0 | R10: =IF(ABS(F10-$H10)<=1E-9,1,0) -> 0 | S10: =IF(ABS(G10-$H10)<=1E-9,1,0) -> 1 | T10: MSIG
A11: bpps_d10000n100m10w500_1500s1000_2000f0_seed1 | B11: 100 | C11: 25 | D11: 24 | E11: 25 | F11: 26 | G11: 22 | H11: =MIN(C11:G11) -> 22 | I11: MSIG | J11: =IF($H11=0,"",(C11-$H11)/$H11) -> 0.13636364 | K11: =IF($H11=0,"",(D11-$H11)/$H11) -> 0.090909091 | L11: =IF($H11=0,"",(E11-$H11)/$H11) -> 0.13636364 | M11: =IF($H11=0,"",(F11-$H11)/$H11) -> 0.18181818 | N11: =IF($H11=0,"",(G11-$H11)/$H11) -> 0 | O11: =IF(ABS(C11-$H11)<=1E-9,1,0) -> 0 | P11: =IF(ABS(D11-$H11)<=1E-9,1,0) -> 0 | Q11: =IF(ABS(E11-$H11)<=1E-9,1,0) -> 0 | R11: =IF(ABS(F11-$H11)<=1E-9,1,0) -> 0 | S11: =IF(ABS(G11-$H11)<=1E-9,1,0) -> 1 | T11: MSIG
A12: bpps_d10000n100m10w500_1500s1000_2000f1_seed0 | B12: 100 | C12: 467 | D12: 464 | E12: 472 | F12: 383 | G12: 331 | H12: =MIN(C12:G12) -> 331 | I12: MSIG | J12: =IF($H12=0,"",(C12-$H12)/$H12) -> 0.41087613 | K12: =IF($H12=0,"",(D12-$H12)/$H12) -> 0.40181269 | L12: =IF($H12=0,"",(E12-$H12)/$H12) -> 0.42598187 | M12: =IF($H12=0,"",(F12-$H12)/$H12) -> 0.1570997 | N12: =IF($H12=0,"",(G12-$H12)/$H12) -> 0 | O12: =IF(ABS(C12-$H12)<=1E-9,1,0) -> 0 | P12: =IF(ABS(D12-$H12)<=1E-9,1,0) -> 0 | Q12: =IF(ABS(E12-$H12)<=1E-9,1,0) -> 0 | R12: =IF(ABS(F12-$H12)<=1E-9,1,0) -> 0 | S12: =IF(ABS(G12-$H12)<=1E-9,1,0) -> 1 | T12: MSIG
A13: bpps_d10000n100m10w500_1500s1000_2000f1_seed1 | B13: 100 | C13: 428 | D13: 428 | E13: 450 | F13: 387 | G13: 328 | H13: =MIN(C13:G13) -> 328 | I13: MSIG | J13: =IF($H13=0,"",(C13-$H13)/$H13) -> 0.30487805 | K13: =IF($H13=0,"",(D13-$H13)/$H13) -> 0.30487805 | L13: =IF($H13=0,"",(E13-$H13)/$H13) -> 0.37195122 | M13: =IF($H13=0,"",(F13-$H13)/$H13) -> 0.17987805 | N13: =IF($H13=0,"",(G13-$H13)/$H13) -> 0 | O13: =IF(ABS(C13-$H13)<=1E-9,1,0) -> 0 | P13: =IF(ABS(D13-$H13)<=1E-9,1,0) -> 0 | Q13: =IF(ABS(E13-$H13)<=1E-9,1,0) -> 0 | R13: =IF(ABS(F13-$H13)<=1E-9,1,0) -> 0 | S13: =IF(ABS(G13-$H13)<=1E-9,1,0) -> 1 | T13: MSIG
... A481: bpps_d200n75m5w30_60s2_20f1_seed1 | B481: 75 | C481: 368 | D481: 376 | E481: 363 | F481: 330 | G481: 278 | H481: =MIN(C481:G481) -> 278 | I481: MSIG | J481: =IF($H481=0,"",(C481-$H481)/$H481) -> 0.32374101 | K481: =IF($H481=0,"",(D481-$H481)/$H481) -> 0.35251799 | L481: =IF($H481=0,"",(E481-$H481)/$H481) -> 0.3057554 | M481: =IF($H481=0,"",(F481-$H481)/$H481) -> 0.18705036 | N481: =IF($H481=0,"",(G481-$H481)/$H481) -> 0 | O481: =IF(ABS(C481-$H481)<=1E-9,1,0) -> 0 | P481: =IF(ABS(D481-$H481)<=1E-9,1,0) -> 0 | Q481: =IF(ABS(E481-$H481)<=1E-9,1,0) -> 0 | R481: =IF(ABS(F481-$H481)<=1E-9,1,0) -> 0 | S481: =IF(ABS(G481-$H481)<=1E-9,1,0) -> 1 | T481: MSIG

Sheet By_n_items
A1: Comparison separated by number of items
A3: n_items | B3: Instances | C3: S-FFD Avg Gap % | D3: S-FFD #Best | E3: S-FFD Avg Cost | F3: S-BFD Avg Gap % | G3: S-BFD #Best | H3: S-BFD Avg Cost | I3: S-WFD Avg Gap % | J3: S-WFD #Best | K3: S-WFD Avg Cost | L3: Best C-TP Avg Gap % | M3: Best C-TP #Best | N3: Best C-TP Avg Cost | O3: MSIG Avg Gap % | P3: MSIG #Best | Q3: MSIG Avg Cost
A4: 25 | B4: 96 | C4: 0.096644358 | D4: 27 | E4: 75.9375 | F4: 0.10926666 | G4: 22 | H4: 76.947917 | I4: 0.10915964 | J4: 18 | K4: 76.25 | L4: 0.17469375 | M4: 4 | N4: 75.635417 | O4: 0.0021970256 | P4: 94 | Q4: 67.666667
A5: 50 | B5: 96 | C5: 0.16957143 | D5: 9 | E5: 144.64583 | F5: 0.17485025 | G5: 6 | H5: 145.73958 | I5: 0.20058333 | J5: 3 | K5: 148.41667 | L5: 0.19359348 | M5: 3 | N5: 134.6875 | O5: 0 | P5: 96 | Q5: 116.70833
A6: 75 | B6: 96 | C6: 0.20525959 | D6: 5 | E6: 200.75 | F6: 0.21012905 | G6: 5 | H6: 201.97917 | I6: 0.23578168 | J6: 0 | K6: 204.07292 | L6: 0.21514047 | M6: 1 | N6: 179.65625 | O6: 0 | P6: 96 | Q6: 153.73958
A7: 100 | B7: 96 | C7: 0.22988161 | D7: 2 | E7: 259.13542 | F7: 0.23685539 | G7: 2 | H7: 261.39583 | I7: 0.26469827 | J7: 0 | K7: 265.75 | L7: 0.21219405 | M7: 2 | N7: 225.79167 | O7: 0 | P7: 96 | Q7: 191.10417
A8: 200 | B8: 96 | C8: 0.27153899 | D8: 2 | E8: 478.17708 | F8: 0.2820023 | G8: 2 | H8: 482.3125 | I8: 0.30636719 | J8: 0 | K8: 487.44792 | L8: 0.208641 | M8: 1 | N8: 397.3125 | O8: 0 | P8: 96 | Q8: 335.42708

Sheet Unmatched
A1: Unmatched instance check
A3: Method | B3: Missing count | C3: Missing normalized instance names
A4: S-FFD | B4: 0 | C4: None
A5: S-BFD | B5: 0 | C5: None
A6: S-WFD | B6: 0 | C6: None
A7: Best C-TP | B7: 0 | C7: None
A8: MSIG | B8: 0 | C8: None

Sheet Calculation_Notes
A1: Calculation notes and file sources
A3: Formula for each instance and method | B3: Gap(a,i) = (Cost(a,i) - BestResult(i)) / BestResult(i). The workbook displays this as a percentage.
A4: BestResult(i) | B4: Minimum cost among S-FFD, S-BFD, S-WFD, Best C-TP, and MSIG for the same normalized instance.
A5: Best count | B5: A method is counted as best if its cost equals the best result for that instance. Ties are counted for all tied methods.
A6: Instance matching | B6: Instance names are normalized by removing folders, .txt/.dat extensions, and a final conflict-density suffix such as c20 if present.
A8: Method | B8: File used | C8: Sheet | D8: Column used
A9: S-FFD | B9: Surrogate_FFD_all_results(5).xlsx | C9: Summary | D9: Final Cost
A10: S-BFD | B10: Surrogate_BFD_all_results(4).xlsx | C10: Summary | D10: Final Cost
A11: S-WFD | B11: Surrogate_WFD_all_results(4).xlsx | C11: Summary | D11: Final Cost
A12: Best C-TP | B12: BPPSC_CTP_FFD_BFD_Summary(3).xlsx | C12: Summary | D12: Best_objective
A13: MSIG | B13: summary_results_all_IG(5).xlsx | C13: Results | D13: IG Best Result
